{
  "brand": {
    "neutral": "#272c2a",
    "primary": "#923ae4",
    "secondary": "#1e90ff",
    "tertiary": "#1fffcf",
    "success": "#61d142",
    "danger": "#ff7b78",
    "warning": "#f6d13a",
    "info": "#75d5ff"
  },
  "typography": {
    "font": {
      "sans": "system-ui",
      "mono": "ui-monospace"
    },
    "scale": [
      "--2",
      "--1",
      "0",
      "1",
      "2",
      "3",
      "4",
      "5"
    ],
    "lineHeight": {
      "tight": 1.15,
      "normal": 1.5,
      "loose": 1.75
    },
    "weights": {
      "regular": 400,
      "medium": 500,
      "semibold": 600,
      "bold": 700
    }
  },
  "space": {
    "0": "0",
    "1": ".25rem",
    "2": ".5rem",
    "3": ".75rem",
    "4": "1rem",
    "5": "1.25rem",
    "6": "1.5rem",
    "7": "2rem",
    "8": "2.5rem",
    "9": "3rem"
  },
  "radii": {
    "0": "0",
    ".25": ".25rem",
    ".5": ".5rem",
    ".75": ".75rem",
    "1": "1rem",
    "pill": "999px"
  },
  "shadows": {
    "1": "0 1px 2px rgba(0,0,0,.12)",
    "2": "0 3px 8px rgba(0,0,0,.18)",
    "3": "0 8px 24px rgba(0,0,0,.22)",
    "inner": "inset 0 1px 1px rgba(0,0,0,.18)"
  },
  "motion": {
    "durations": {
      "1": "120ms",
      "2": "200ms",
      "3": "320ms",
      "4": "480ms"
    },
    "easing": {
      "standard": "cubic-bezier(.2,.0,.2,1)",
      "entrance": "cubic-bezier(0,.8,.2,1)",
      "exit": "cubic-bezier(.4,0,1,1)"
    }
  }
}